{
  "cpu": {
    "fqbn": "esp32:esp32:esp32:UploadSpeed=921600,CPUFreq=240,FlashFreq=80,FlashMode=qio,FlashSize=4M,PartitionScheme=default,DebugLevel=none,PSRAM=disabled,LoopCore=1,EventsCore=1,EraseFlash=none,JTAGAdapter=default",
    "name": "",
    "type": "serial"
  },
  "secrets": [
    {
      "name": "SECRET_DEVICE_KEY",
      "value": ""
    },
    {
      "name": "SECRET_OPTIONAL_PASS",
      "value": ""
    },
    {
      "name": "SECRET_SSID",
      "value": ""
    }
  ],
  "included_libs": []
}